{
  "train": {
    "base_model": {
      "model_name": "Base Model (Train)",
      "avg_metrics": {
        "accuracy": 0.011,
        "precision": 0.04437523790366559,
        "recall": 0.011,
        "f1": 0.0038831268780298894,
        "avg_rouge1_f": 0.07113773448773449,
        "avg_rouge2_f": 0.005,
        "avg_rougeL_f": 0.07113773448773449,
        "avg_bleu": 0.018833233818385545,
        "avg_bertscore_f1": 0.13763142385147512
      },
      "classification_report": {
        "Agriculture and Food": {
          "precision": 0.0,
          "recall": 0.0,
          "f1-score": 0.0,
          "support": 55.0
        },
        "Animals": {
          "precision": 0.0,
          "recall": 0.0,
          "f1-score": 0.0,
          "support": 15.0
        },
        "Armed Forces and National Security": {
          "precision": 0.02857142857142857,
          "recall": 0.008130081300813009,
          "f1-score": 0.012658227848101266,
          "support": 123.0
        },
        "Arts, Culture, and Religion": {
          "precision": 0.0031446540880503146,
          "recall": 0.07692307692307693,
          "f1-score": 0.006042296072507553,
          "support": 13.0
        },
        "Civil Rights and Liberties, Minority Issues": {
          "precision": 0.0,
          "recall": 0.0,
          "f1-score": 0.0,
          "support": 24.0
        },
        "Commerce": {
          "precision": 0.019834710743801654,
          "recall": 0.24489795918367346,
          "f1-score": 0.03669724770642202,
          "support": 49.0
        },
        "Congress": {
          "precision": 0.0,
          "recall": 0.0,
          "f1-score": 0.0,
          "support": 118.0
        },
        "Crime and Law Enforcement": {
          "precision": 0.0,
          "recall": 0.0,
          "f1-score": 0.0,
          "support": 84.0
        },
        "Economics and PublicFinance": {
          "precision": 0.0,
          "recall": 0.0,
          "f1-score": 0.0,
          "support": 59.0
        },
        "Education": {
          "precision": 0.0,
          "recall": 0.0,
          "f1-score": 0.0,
          "support": 75.0
        },
        "Emergency Management": {
          "precision": 0.0,
          "recall": 0.0,
          "f1-score": 0.0,
          "support": 19.0
        },
        "Energy": {
          "precision": 0.0,
          "recall": 0.0,
          "f1-score": 0.0,
          "support": 61.0
        },
        "Environmental Protection": {
          "precision": 0.0,
          "recall": 0.0,
          "f1-score": 0.0,
          "support": 62.0
        },
        "Families": {
          "precision": 0.0,
          "recall": 0.0,
          "f1-score": 0.0,
          "support": 11.0
        },
        "Finance and Financial Sector": {
          "precision": 0.0,
          "recall": 0.0,
          "f1-score": 0.0,
          "support": 53.0
        },
        "Foreign Trade and International Finance": {
          "precision": 0.0,
          "recall": 0.0,
          "f1-score": 0.0,
          "support": 125.0
        },
        "Government Operations and Politics": {
          "precision": 0.0,
          "recall": 0.0,
          "f1-score": 0.0,
          "support": 138.0
        },
        "Health": {
          "precision": 0.0,
          "recall": 0.0,
          "f1-score": 0.0,
          "support": 167.0
        },
        "Housing and Community Development": {
          "precision": 0.0,
          "recall": 0.0,
          "f1-score": 0.0,
          "support": 26.0
        },
        "Immigration": {
          "precision": 0.0,
          "recall": 0.0,
          "f1-score": 0.0,
          "support": 36.0
        },
        "International Affairs": {
          "precision": 0.6666666666666666,
          "recall": 0.015873015873015872,
          "f1-score": 0.031007751937984496,
          "support": 126.0
        },
        "Labor and Employment": {
          "precision": 0.0,
          "recall": 0.0,
          "f1-score": 0.0,
          "support": 52.0
        },
        "Law": {
          "precision": 0.0,
          "recall": 0.0,
          "f1-score": 0.0,
          "support": 28.0
        },
        "Native Americans": {
          "precision": 0.0,
          "recall": 0.0,
          "f1-score": 0.0,
          "support": 15.0
        },
        "Public Lands and Natural Resources": {
          "precision": 0.0,
          "recall": 0.0,
          "f1-score": 0.0,
          "support": 101.0
        },
        "Science, Technology, Communications": {
          "precision": 0.0,
          "recall": 0.0,
          "f1-score": 0.0,
          "support": 43.0
        },
        "Social Sciences and History": {
          "precision": 0.00322061191626409,
          "recall": 0.5,
          "f1-score": 0.0064,
          "support": 4.0
        },
        "Social Welfare": {
          "precision": 0.0,
          "recall": 0.0,
          "f1-score": 0.0,
          "support": 56.0
        },
        "Sports and Recreation": {
          "precision": 0.0,
          "recall": 0.0,
          "f1-score": 0.0,
          "support": 3.0
        },
        "Taxation": {
          "precision": 0.0,
          "recall": 0.0,
          "f1-score": 0.0,
          "support": 161.0
        },
        "Transportation and Public Works": {
          "precision": 0.0,
          "recall": 0.0,
          "f1-score": 0.0,
          "support": 76.0
        },
        "Water Resources Development": {
          "precision": 0.009569377990430622,
          "recall": 0.18181818181818182,
          "f1-score": 0.01818181818181818,
          "support": 22.0
        },
        "accuracy": 0.011,
        "macro avg": {
          "precision": 0.02284398281177006,
          "recall": 0.03211382234683629,
          "f1-score": 0.0034683544295885478,
          "support": 2000.0
        },
        "weighted avg": {
          "precision": 0.04437523790366559,
          "recall": 0.011,
          "f1-score": 0.0038831268780298894,
          "support": 2000.0
        }
      }
    },
    "fine_tuned_model": {
      "model_name": "Fine-tuned Model (Train)",
      "avg_metrics": {
        "accuracy": 0.6365,
        "precision": 0.828467125208956,
        "recall": 0.6365,
        "f1": 0.6872754616817142,
        "avg_rouge1_f": 0.6431531746031747,
        "avg_rouge2_f": 0.4075,
        "avg_rougeL_f": 0.6431531746031747,
        "avg_bleu": 0.36167627258783464,
        "avg_bertscore_f1": 0.7359219728191966
      },
      "classification_report": {
        "Agriculture and Food": {
          "precision": 0.8571428571428571,
          "recall": 0.8727272727272727,
          "f1-score": 0.8648648648648649,
          "support": 55.0
        },
        "Animals": {
          "precision": 0.9,
          "recall": 0.6,
          "f1-score": 0.72,
          "support": 15.0
        },
        "Armed Forces and National Security": {
          "precision": 0.9444444444444444,
          "recall": 0.6910569105691057,
          "f1-score": 0.7981220657276995,
          "support": 123.0
        },
        "Arts, Culture, and Religion": {
          "precision": 1.0,
          "recall": 0.3076923076923077,
          "f1-score": 0.47058823529411764,
          "support": 13.0
        },
        "Civil Rights and Liberties, Minority Issues": {
          "precision": 0.5833333333333334,
          "recall": 0.2916666666666667,
          "f1-score": 0.3888888888888889,
          "support": 24.0
        },
        "Commerce": {
          "precision": 0.8235294117647058,
          "recall": 0.5714285714285714,
          "f1-score": 0.6746987951807228,
          "support": 49.0
        },
        "Congress": {
          "precision": 0.17391304347826086,
          "recall": 0.9830508474576272,
          "f1-score": 0.29554140127388534,
          "support": 118.0
        },
        "Crime and Law Enforcement": {
          "precision": 0.8717948717948718,
          "recall": 0.40476190476190477,